accuracy,f1,precision,recall
0.866797405340172,0.8589132875378802,0.8593102629013802,0.866797405340172
