accuracy,f1,precision,recall
0.8637974683544304,0.8583154622847906,0.8567344363081769,0.8637974683544304
